{
  "alpha": 0.1,
  "gamma": 0.95,
  "exploration_scale": 2.0,
  "total_updates": 18713,
  "q_table": {
    "(0, 0, 0, 0, 0)": {
      "planner": 7.738486058672676,
      "coder": 0.07767627499999999,
      "tester": 0.0,
      "debugger": 0.0
    },
    "(0, 1, 1, 0, 1)": {
      "planner": 0.010572472375000001,
      "coder": 0.0,
      "tester": 0.0,
      "debugger": -0.010000000000000002
    },
    "(0, 1, 1, 0, 2)": {
      "planner": 0.5581905349934878,
      "coder": -0.010000000000000002,
      "tester": -0.010000000000000002,
      "debugger": -0.010000000000000002
    },
    "(0, 1, 0, 0, 3)": {
      "planner": -0.51,
      "coder": -0.010000000000000002,
      "tester": 1.8810000000000002,
      "debugger": 0.0
    },
    "(0, 1, 1, 0, 3)": {
      "planner": 0.5931881310893428,
      "coder": -0.51,
      "tester": -0.51,
      "debugger": -0.286659115025
    },
    "(1, 0, 0, 0, 1)": {
      "planner": -0.114,
      "coder": 7.924472774095817,
      "tester": 0.0,
      "debugger": 0.0
    },
    "(1, 0, 0, 0, 2)": {
      "planner": -0.114,
      "coder": 5.806586997612025,
      "tester": 0.0,
      "debugger": 0.0
    },
    "(1, 0, 0, 0, 3)": {
      "planner": -0.6126,
      "coder": 0.253704741826998,
      "tester": 0.0,
      "debugger": 0.0
    },
    "(1, 1, 0, 0, 2)": {
      "planner": 0.0,
      "coder": 0.07505,
      "tester": 9.856069726872963,
      "debugger": 0.0
    },
    "(1, 1, 0, 0, 3)": {
      "planner": 0.0,
      "coder": 0.0,
      "tester": 9.843329803787695,
      "debugger": 0.0
    },
    "(1, 1, 1, 0, 2)": {
      "planner": -0.06,
      "coder": 5.558283622139903,
      "tester": 0.33298909413886346,
      "debugger": -0.0040041051250000025
    },
    "(1, 1, 1, 0, 3)": {
      "planner": -2.3006672411430245,
      "coder": -2.4724439962226135,
      "tester": -2.199576626327026,
      "debugger": 2.7904690863503148
    },
    "(0, 1, 0, 0, 1)": {
      "planner": 0.3585205,
      "coder": 0.0,
      "tester": 0.0,
      "debugger": 0.0
    },
    "(0, 0, 0, 0, 1)": {
      "planner": 5.4429397492331955,
      "coder": 0.06878,
      "tester": 0.0,
      "debugger": 0.0
    },
    "(0, 1, 0, 0, 2)": {
      "planner": 0.0,
      "coder": 0.0,
      "tester": 0.9900000000000001,
      "debugger": 0.0
    },
    "(0, 0, 0, 0, 2)": {
      "planner": 0.07363433641002151,
      "coder": 0.10220846002788526,
      "tester": 0.0,
      "debugger": 0.0
    }
  },
  "ts_alpha": {
    "(0, 0, 0, 0, 0)": {
      "planner": 1.0,
      "coder": 1.0,
      "tester": 1.0,
      "debugger": 1.0
    },
    "(0, 1, 1, 0, 1)": {
      "planner": 1.0,
      "coder": 1.0,
      "tester": 1.0,
      "debugger": 1.0
    },
    "(0, 1, 1, 0, 2)": {
      "planner": 1.0,
      "coder": 1.0,
      "tester": 1.0,
      "debugger": 1.0
    },
    "(0, 1, 0, 0, 3)": {
      "planner": 1.0,
      "coder": 1.0,
      "tester": 2.986666666666667,
      "debugger": 1.0
    },
    "(0, 1, 1, 0, 3)": {
      "planner": 1.0,
      "coder": 1.0,
      "tester": 1.0,
      "debugger": 1.0
    },
    "(1, 0, 0, 0, 1)": {
      "planner": 1.0,
      "coder": 1.0,
      "tester": 1.0,
      "debugger": 1.0
    },
    "(1, 0, 0, 0, 2)": {
      "planner": 1.0,
      "coder": 1.0,
      "tester": 1.0,
      "debugger": 1.0
    },
    "(1, 0, 0, 0, 3)": {
      "planner": 1.0,
      "coder": 1.0,
      "tester": 1.0,
      "debugger": 1.0
    },
    "(1, 1, 0, 0, 2)": {
      "planner": 1.0,
      "coder": 1.0,
      "tester": 2578.7000000000153,
      "debugger": 1.0
    },
    "(1, 1, 0, 0, 3)": {
      "planner": 1.0,
      "coder": 1.0,
      "tester": 1415.5066666666748,
      "debugger": 1.0
    },
    "(1, 1, 1, 0, 2)": {
      "planner": 1.0,
      "coder": 1.0,
      "tester": 255.29333333333446,
      "debugger": 1.0
    },
    "(1, 1, 1, 0, 3)": {
      "planner": 1.0,
      "coder": 1.0,
      "tester": 1.9933333333333334,
      "debugger": 1.0
    },
    "(0, 1, 0, 0, 1)": {
      "planner": 1.0,
      "coder": 1.0,
      "tester": 1.0,
      "debugger": 1.0
    },
    "(0, 0, 0, 0, 1)": {
      "planner": 1.0,
      "coder": 1.0,
      "tester": 1.0,
      "debugger": 1.0
    },
    "(0, 1, 0, 0, 2)": {
      "planner": 1.0,
      "coder": 1.0,
      "tester": 1.9933333333333334,
      "debugger": 1.0
    },
    "(0, 0, 0, 0, 2)": {
      "planner": 1.0,
      "coder": 1.0,
      "tester": 1.0,
      "debugger": 1.0
    }
  },
  "ts_beta": {
    "(0, 0, 0, 0, 0)": {
      "planner": 3298.359999999835,
      "coder": 3.6133333333333333,
      "tester": 1.0,
      "debugger": 1.0
    },
    "(0, 1, 1, 0, 1)": {
      "planner": 1.6600000000000001,
      "coder": 1.0,
      "tester": 1.0,
      "debugger": 1.6733333333333333
    },
    "(0, 1, 1, 0, 2)": {
      "planner": 1.6600000000000001,
      "coder": 1.6733333333333333,
      "tester": 1.6733333333333333,
      "debugger": 1.6733333333333333
    },
    "(0, 1, 0, 0, 3)": {
      "planner": 2.0,
      "coder": 1.6733333333333333,
      "tester": 1.0,
      "debugger": 1.0
    },
    "(0, 1, 1, 0, 3)": {
      "planner": 4.640000000000001,
      "coder": 2.0,
      "tester": 2.0,
      "debugger": 5.9399999999999995
    },
    "(1, 0, 0, 0, 1)": {
      "planner": 2.413333333333333,
      "coder": 3098.4533333332174,
      "tester": 1.0,
      "debugger": 1.0
    },
    "(1, 0, 0, 0, 2)": {
      "planner": 2.413333333333333,
      "coder": 156.4933333333338,
      "tester": 1.0,
      "debugger": 1.0
    },
    "(1, 0, 0, 0, 3)": {
      "planner": 3.413333333333333,
      "coder": 3.96,
      "tester": 1.0,
      "debugger": 1.0
    },
    "(1, 1, 0, 0, 2)": {
      "planner": 1.0,
      "coder": 2.3466666666666667,
      "tester": 217.81333333333484,
      "debugger": 1.0
    },
    "(1, 1, 0, 0, 3)": {
      "planner": 1.0,
      "coder": 1.0,
      "tester": 136.7666666666667,
      "debugger": 1.0
    },
    "(1, 1, 1, 0, 2)": {
      "planner": 1.7066666666666666,
      "coder": 207.71333333333465,
      "tester": 848.7266666666518,
      "debugger": 2.3466666666666667
    },
    "(1, 1, 1, 0, 3)": {
      "planner": 9.533333333333333,
      "coder": 1344.4400000000032,
      "tester": 14.733333333333336,
      "debugger": 253.82000000000005
    },
    "(0, 1, 0, 0, 1)": {
      "planner": 2.3200000000000003,
      "coder": 1.0,
      "tester": 1.0,
      "debugger": 1.0
    },
    "(0, 0, 0, 0, 1)": {
      "planner": 165.33999999999932,
      "coder": 3.6133333333333333,
      "tester": 1.0,
      "debugger": 1.0
    },
    "(0, 1, 0, 0, 2)": {
      "planner": 1.0,
      "coder": 1.0,
      "tester": 1.0,
      "debugger": 1.0
    },
    "(0, 0, 0, 0, 2)": {
      "planner": 2.9800000000000004,
      "coder": 6.226666666666667,
      "tester": 1.0,
      "debugger": 1.0
    }
  }
}