{
  "alpha": 0.1,
  "gamma": 0.95,
  "exploration_scale": 2.0,
  "total_updates": 14885,
  "q_table": {
    "(0, 0, 0, 0, 0)": {
      "planner": 0.010000000000000002,
      "coder": 8.002750043694833,
      "tester": 0.0,
      "debugger": 0.0
    },
    "(0, 1, 0, 0, 1)": {
      "planner": 0.0,
      "coder": 0.0,
      "tester": 9.847870718396841,
      "debugger": 0.0
    },
    "(1, 0, 0, 0, 1)": {
      "planner": 0.0,
      "coder": 0.02,
      "tester": 0.0,
      "debugger": 0.0
    },
    "(1, 1, 1, 0, 2)": {
      "planner": -0.0262,
      "coder": 0.0,
      "tester": -0.010000000000000002,
      "debugger": 0.0
    },
    "(1, 1, 1, 0, 3)": {
      "planner": -2.66068581,
      "coder": -2.66068581,
      "tester": -2.132436727578654,
      "debugger": -2.641553934
    },
    "(1, 1, 0, 0, 3)": {
      "planner": 0.0,
      "coder": 0.0,
      "tester": 1.8810000000000002,
      "debugger": 0.0
    },
    "(0, 1, 1, 0, 1)": {
      "planner": 0.010000000000000002,
      "coder": -0.019000000000000003,
      "tester": 6.31943248191093,
      "debugger": 0.031000000000000007
    },
    "(0, 1, 1, 0, 2)": {
      "planner": -0.08650885209867151,
      "coder": 0.09982801560985448,
      "tester": -0.11256217559110412,
      "debugger": 6.6035883505244755
    },
    "(0, 1, 1, 0, 3)": {
      "planner": -1.9419366907714555,
      "coder": -2.0608216893786744,
      "tester": -2.1266434363818156,
      "debugger": 4.281770873140676
    },
    "(0, 1, 0, 0, 3)": {
      "planner": 0.0,
      "coder": 0.0,
      "tester": 8.183573298480157,
      "debugger": 0.0
    },
    "(0, 1, 0, 0, 2)": {
      "planner": 0.3585205,
      "coder": 0.0,
      "tester": 9.857492976506304,
      "debugger": 0.0
    }
  },
  "ts_alpha": {
    "(0, 0, 0, 0, 0)": {
      "planner": 1.0,
      "coder": 1.0,
      "tester": 1.0,
      "debugger": 1.0
    },
    "(0, 1, 0, 0, 1)": {
      "planner": 1.0,
      "coder": 1.0,
      "tester": 2365.1333333333473,
      "debugger": 1.0
    },
    "(1, 0, 0, 0, 1)": {
      "planner": 1.0,
      "coder": 1.0,
      "tester": 1.0,
      "debugger": 1.0
    },
    "(1, 1, 1, 0, 2)": {
      "planner": 1.0,
      "coder": 1.0,
      "tester": 1.0,
      "debugger": 1.0
    },
    "(1, 1, 1, 0, 3)": {
      "planner": 1.0,
      "coder": 1.0,
      "tester": 11.92666666666667,
      "debugger": 1.0
    },
    "(1, 1, 0, 0, 3)": {
      "planner": 1.0,
      "coder": 1.0,
      "tester": 2.986666666666667,
      "debugger": 1.0
    },
    "(0, 1, 1, 0, 1)": {
      "planner": 1.0,
      "coder": 1.0,
      "tester": 453.9600000000023,
      "debugger": 1.0
    },
    "(0, 1, 1, 0, 2)": {
      "planner": 1.0,
      "coder": 1.0,
      "tester": 11.92666666666667,
      "debugger": 1.0
    },
    "(0, 1, 1, 0, 3)": {
      "planner": 1.0,
      "coder": 1.0,
      "tester": 40.73333333333331,
      "debugger": 1.0
    },
    "(0, 1, 0, 0, 3)": {
      "planner": 1.0,
      "coder": 1.0,
      "tester": 1464.1800000000085,
      "debugger": 1.0
    },
    "(0, 1, 0, 0, 2)": {
      "planner": 1.0,
      "coder": 1.0,
      "tester": 232.44666666666765,
      "debugger": 1.0
    }
  },
  "ts_beta": {
    "(0, 0, 0, 0, 0)": {
      "planner": 1.6600000000000001,
      "coder": 3267.0133333331814,
      "tester": 1.0,
      "debugger": 1.0
    },
    "(0, 1, 0, 0, 1)": {
      "planner": 1.0,
      "coder": 1.0,
      "tester": 171.35333333333395,
      "debugger": 1.0
    },
    "(1, 0, 0, 0, 1)": {
      "planner": 1.0,
      "coder": 1.6533333333333333,
      "tester": 1.0,
      "debugger": 1.0
    },
    "(1, 1, 1, 0, 2)": {
      "planner": 1.6866666666666665,
      "coder": 1.0,
      "tester": 1.6733333333333333,
      "debugger": 1.0
    },
    "(1, 1, 1, 0, 3)": {
      "planner": 8.0,
      "coder": 8.0,
      "tester": 37.02,
      "debugger": 8.64
    },
    "(1, 1, 0, 0, 3)": {
      "planner": 1.0,
      "coder": 1.0,
      "tester": 1.0,
      "debugger": 1.0
    },
    "(0, 1, 1, 0, 1)": {
      "planner": 1.6600000000000001,
      "coder": 2.3466666666666667,
      "tester": 1283.7000000000005,
      "debugger": 2.3133333333333335
    },
    "(0, 1, 1, 0, 2)": {
      "planner": 2.3200000000000003,
      "coder": 5.040000000000001,
      "tester": 36.01333333333331,
      "debugger": 1198.1133333333357
    },
    "(0, 1, 1, 0, 3)": {
      "planner": 47.23999999999994,
      "coder": 301.7000000000017,
      "tester": 118.21333333333324,
      "debugger": 282.71333333333286
    },
    "(0, 1, 0, 0, 3)": {
      "planner": 1.0,
      "coder": 1.0,
      "tester": 124.12666666666654,
      "debugger": 1.0
    },
    "(0, 1, 0, 0, 2)": {
      "planner": 2.3200000000000003,
      "coder": 1.0,
      "tester": 13.79333333333334,
      "debugger": 1.0
    }
  }
}